x1,x2,y1,y2
0.121641987,-0.992106568,2.627250657,-21.04349506
-0.046251165,-0.899425147,-3.134638869,-20.8819409
0.016789012,-0.845948734,-3.418829425,-16.63000271
-0.020171097,-1.000906505,-7.383934988,-20.16030221
-0.313692045,-1.00258443,-11.5232109,-18.01285341
-0.313864837,-0.872904203,-12.26274017,-14.94807564
-0.343575728,-0.842124486,-18.13286687,-14.94259601
-0.327364427,-1.067005002,-17.56449555,-9.543305274
-0.4192349,-0.795576215,-23.17563789,-9.712885572
-0.442355722,-0.828025295,-21.18393553,-9.19172256
-0.377848854,-0.655426118,-21.46712791,-10.01819282
-0.408358584,-0.820928791,-23.6370662,-2.095079866
-0.702832804,-0.905156031,-29.98506182,0.13880581
-0.679907317,-0.707030021,-29.00050727,3.100074709
-0.717184923,-0.697497286,-29.70836543,6.60529165
-0.857567219,-0.593636908,-26.56651458,4.588444755
-1.045350282,-0.465564287,-30.4106983,4.602560425
-0.981938769,-0.62214836,-23.65551719,12.90629637
-0.938521356,-0.29188128,-25.5162294,14.69400348
-0.957454536,-0.375701926,-24.39214651,13.37366421
-1.110378835,-0.184950372,-24.07177077,15.39974534
-1.116641807,-0.133632495,-18.40170943,18.68111709
-0.985051722,-0.176310852,-15.30198111,17.82552322
-0.925352097,-0.372367758,-14.41341937,22.31114978
-0.862848751,-0.092645129,-13.30255672,19.44012157
-0.948548616,0.085415463,-8.920794355,22.86532138
-0.988668731,0.092373471,-5.689293693,22.44098177
-0.989550035,0.18775655,-6.110989248,17.98669341
-0.862488846,0.211466844,-1.298521672,20.90932552
-0.881461988,0.132857554,3.38265271,18.04568459
-1.022194714,0.364894073,0.753789824,17.60626228
-0.893798438,0.34789168,3.570868772,18.69899179
-0.799148081,0.559461052,7.412642849,13.60489985
-0.900069097,0.492403109,12.51717979,13.24975374
-0.923599197,0.555334055,5.81656869,8.151966314
-0.723554413,0.737046865,11.86806014,8.592701052
-0.95639242,0.504029789,6.734405945,6.740086937
-0.707654688,0.515286836,14.68166036,0.105011372
-0.573179962,0.743429567,13.22808255,-3.02031733
-0.658012889,0.634724429,13.12892155,-3.775346273
-0.706271574,0.798971316,10.08040767,-5.098859065
-0.510702036,0.757952017,12.76132109,-7.8202684
-0.52789854,0.762838164,9.834632641,-6.120540329
-0.444094045,0.755768995,11.03951593,-14.08127256
-0.344747383,0.680806436,6.733144404,-15.35879861
-0.533534512,0.844987338,4.341787423,-17.3535791
-0.1062438,0.883250834,9.321899082,-19.05725147
-0.221028362,1.005946595,3.235436506,-15.06833711
-0.152168699,0.988388711,3.122955555,-18.54492246
-0.134376012,1.149149983,4.895096199,-19.34903908
0.070245529,1.044801395,3.078812709,-20.41931281
0.030928451,1.083174382,-1.065351477,-21.85227586
0.160390193,1.025403913,-6.148344983,-17.96556298
0.250367785,1.017804496,-6.829830017,-18.43280347
0.109658646,0.893470963,-11.18551201,-18.05627137
0.20182813,0.983008441,-11.9823637,-14.26211721
0.353845404,0.918247303,-10.81905658,-16.00540333
0.462717497,0.79889287,-8.513695709,-9.428396912
0.313889856,0.981373833,-13.45784457,-10.55958992
0.498514454,0.982948217,-14.48187658,-12.90080812
0.529780318,0.730888616,-14.55773874,-7.795582357
0.534430961,0.822635934,-12.76358201,-4.830859299
0.635295469,0.673334033,-17.70809983,-1.398871907
0.668044948,0.704940032,-15.23841262,0.689213643
0.582340247,0.735867053,-11.12505138,3.700192451
0.870970536,0.603536957,-10.5534561,10.04562473
0.928711447,0.433949808,-7.227072566,6.017704282
0.84255189,0.363351437,-7.693905769,10.00409111
0.867288976,0.4450118,-8.428893091,12.50190781
0.936059827,0.2912519,-7.783604158,17.76586724
0.734623714,0.311276017,-3.76069152,18.34099094
1.048285095,0.07803762,-1.125517459,16.00295639
0.777273719,0.132129995,1.044826157,20.937976
1.088872063,0.184871228,3.308475658,17.09656935
1.23150447,0.142392404,9.65445614,20.50783902
1.155939545,-0.155354117,10.57382902,20.92417837
1.074659656,-0.122200518,15.28486513,21.48596353
1.120567103,-0.091489593,18.51405947,16.74969121
1.033234409,-0.01820749,17.44409147,15.95227516
0.804514996,-0.231109111,16.92234861,17.6548651
0.871515096,-0.584137566,20.46404444,19.05720311
0.945365207,-0.429765941,18.62137181,15.44821169
0.848336578,-0.72101105,23.99285432,15.99732297
0.799187785,-0.516374606,25.04359267,11.81035283
0.884249767,-0.558823797,26.49967552,10.27631215
0.798006722,-0.6449777,27.05550962,8.78523429
0.852030517,-0.621864832,30.03938913,2.820059375
0.957150055,-0.85125936,31.57435516,1.876695036
0.634764478,-0.493844009,27.94951493,-1.624011665
0.886839424,-0.844186031,31.12320254,-4.214040412
0.662137698,-0.694847182,25.5554152,-5.017639306
0.405055442,-1.024989698,21.04708639,-9.521208921
0.464290451,-0.868896878,25.4254152,-10.38837132
0.330965052,-0.625395076,20.50881118,-15.51185163
0.588526142,-0.988702247,21.68252008,-15.31295618
0.179894198,-0.924342763,12.39718849,-15.52277385
0.3792053,-0.948603627,15.29609796,-18.20122585
0.235106636,-0.959433326,8.753958786,-20.60964076
0.167774612,-1.066044764,8.338128677,-19.30297566
-0.062943311,-0.914746629,1.95036327,-21.24610299
0.07567565,-0.888186999,0.839472996,-20.79626341
-0.184434636,-0.924191517,-4.147285466,-22.11531527
-0.064876042,-0.971927245,-8.602101888,-20.16968702
-0.230863643,-1.011826685,-7.862257451,-22.09184297
-0.289898008,-0.857974318,-13.06071723,-20.8643633
-0.317872477,-0.945071144,-17.91426256,-16.90268438
-0.42105583,-1.094772477,-20.94817808,-16.31890772
-0.340761451,-0.692893539,-17.12735656,-11.86983023
-0.524450947,-0.770066854,-20.60565645,-7.975730348
-0.65968918,-0.631145344,-23.21750479,-5.096620079
-0.577833131,-0.787791993,-26.98098158,-8.045631465
-0.539014911,-0.814149071,-23.36462768,-3.319984794
-0.714146305,-0.885114517,-30.48594233,-3.226591668
-0.672916156,-0.81200727,-27.03607147,1.878741394
-0.840599502,-0.544357139,-28.36685264,4.948720536
-0.787767513,-0.683085274,-26.78933394,3.96927225
-0.871927494,-0.481850443,-28.08630185,9.659327354
-0.732443936,-0.492242352,-27.00193938,9.211095158
-0.822625951,-0.391091935,-22.88422178,13.52750736
-0.827328766,-0.290265271,-24.57638635,16.9443645
-0.834171573,-0.297963545,-19.03309611,16.54034363
-0.926337919,-0.270696495,-19.8605095,17.12668098
-1.021298139,-0.121660793,-18.43786657,17.78915759
-0.904775202,-0.022333347,-13.20403945,19.28949439
-0.948335302,-0.124434736,-8.562765739,21.31653794
-1.050355196,-0.028163022,-13.08268448,20.3236116
-1.023682742,0.117093241,-2.467433681,19.25495014
-1.035902879,0.029497299,-6.114379015,19.61578966
-0.932571347,-0.027758081,-2.150627001,25.67314905
-1.010004256,0.587033935,0.972956122,17.19430316
-0.821789284,0.234795901,5.919898265,15.17958373
-1.028399578,0.48725715,4.529141102,11.66373661
-0.830960348,0.465904739,7.084769496,9.594345197
-0.822916234,0.377374734,6.533296737,14.46339632
-0.866142466,0.50343689,8.591809505,8.431569751
-0.793866128,0.394104234,8.281014352,8.183471318
-0.607303417,0.676785018,15.06598811,5.815363446
-0.644767671,0.690260942,10.79101198,2.040678653
-0.622137508,0.766631055,13.02930881,-2.50602842
-0.519308806,0.757403313,14.77555542,-6.66793252
-0.437218625,0.800211978,14.82744703,-6.749247426
-0.44259913,0.894627807,12.77055874,-5.400463206
-0.515312437,1.060169129,12.12759042,-11.79916103
-0.37932519,0.921608365,10.90160113,-14.3058887
-0.490745509,0.817902805,6.60815021,-17.60785514
-0.363975803,0.902405092,8.143247141,-19.82055898
-0.242353737,0.80806591,7.380535606,-20.31921866
-0.100364461,0.848523884,4.033072758,-14.37780301
-0.168691627,1.0803544,-1.964776569,-17.56834955
0.048985272,1.014117249,2.071134567,-17.99084551
-0.092030553,1.030588836,-1.012822413,-19.90142737
0.204600996,0.906426609,-1.80977641,-19.61390739
0.053635701,1.044169172,-5.004535697,-21.97505826
0.209932766,1.037625271,-5.43374017,-21.04678134
0.359727449,0.826739255,-5.570306448,-19.87044236
0.281471482,0.867410997,-10.20839174,-18.68926735
0.357743456,1.07831546,-9.198664957,-11.56257978
0.526181607,0.942874112,-10.46341839,-11.08429313
0.519379762,0.881312229,-11.51107632,-7.940289392
0.537564757,0.749777898,-13.43689033,-9.250082576
0.51570956,0.731503538,-13.84401532,-3.490934522
0.614527198,0.849879094,-10.03068962,-3.603355411
0.843306753,0.755203543,-9.781084452,2.767893132
0.883242585,0.728911501,-12.83685064,2.043518408
0.862147452,0.695733357,-11.75623659,-0.101019101
0.668733299,0.604432879,-10.22622098,6.479182284
0.894967826,0.537697671,-5.159354843,11.63644972
0.980410622,0.586177047,-9.413082154,9.748388981
0.856597642,0.290813382,-7.531288064,13.67129412
0.948748778,0.438928375,-2.23493734,16.26510893
1.018445278,0.391401355,-2.301047211,17.47343865
1.004434701,0.265138622,1.123571363,17.17233685
0.886651897,0.320969295,1.829130081,16.2811565
1.000679506,0.246213792,4.854731275,19.98583773
0.927244622,0.056630307,6.381098746,20.4614743
1.021668888,-0.007251848,8.636318655,17.8245285
0.989891177,-0.126653119,14.49272043,19.5901126
0.853832606,-0.263024585,12.54321038,18.25024319
0.979972908,-0.141787519,17.99467718,19.16764887
0.868677492,-0.151256571,18.33211013,14.06992915
0.982078969,-0.382971038,23.23407299,15.54781126
0.916796473,-0.260700177,20.05612667,15.32510455
0.657008914,-0.370858997,23.80678728,15.19397558
0.840219926,-0.531117784,30.1254277,12.9433988
0.902631093,-0.561125763,32.19647061,10.51323791
0.766759599,-0.700215682,26.34103717,5.735487323
0.542235538,-0.743578666,26.16915098,4.482063782
0.478820349,-0.765427348,25.40089868,2.618533833
0.725140917,-0.837446062,27.69546749,0.996740396
0.736004462,-0.627334558,23.9772311,-4.238623635
0.564025446,-0.701089085,24.62012332,-4.35512383
0.462377543,-0.715223801,21.66647061,-5.657994549
0.389014027,-0.9519954,18.6853557,-13.66932679
0.428487582,-0.869681012,21.2453846,-16.500149
0.2406762,-0.939469179,17.73935024,-16.22660639
0.17102735,-0.933003806,13.92423702,-16.62377971
0.196856637,-1.138905008,10.53594987,-20.24557654
0.387893979,-1.026168995,10.78568876,-19.35979829
0.03395137,-0.935739218,3.559263001,-21.67575975
0.095829942,-0.888396448,0.409729736,-19.89648631
-0.016510235,-0.98355975,-1.130149483,-19.56793944
-0.243096952,-1.015771821,-5.555299728,-16.90917446
-0.160425212,-0.864486277,-7.433815244,-19.85456879
-0.062932284,-0.981781525,-9.390058171,-16.86299301
-0.142535939,-1.023276734,-9.931027618,-19.45890463
-0.162825906,-0.923904241,-15.71951006,-16.48275768
-0.416331485,-0.914552645,-18.0083634,-10.97174087
-0.185145511,-0.826961152,-17.12460627,-11.89210072
-0.401606899,-0.953957009,-20.83828131,-12.947611
-0.437599085,-0.88387225,-20.92938342,-12.22941129
-0.584423556,-0.870898888,-28.10799195,-5.47500089
-0.596575226,-0.802930411,-27.24683331,-4.095559544
-0.657726765,-0.790740008,-25.55186836,0.844953131
-0.799699481,-0.88661688,-25.58086128,2.020049495
-0.71985275,-0.642411875,-26.77412665,2.74995653
-0.816195762,-0.815577232,-29.96067822,3.272434315
-0.902099762,-0.515991895,-27.08713616,8.141535133
-0.964418975,-0.399017372,-26.72918327,11.58682233
-0.948601859,-0.392786683,-27.34230366,9.69087669
-0.956432019,-0.317299836,-20.16726093,10.87805942
-1.009967547,-0.28103601,-18.30146266,16.99742131
-0.884742839,-0.29976089,-17.48752315,16.65665325
-1.051631303,-0.224960593,-18.54841492,14.97225817
-0.976239183,-0.149727055,-14.50559445,23.70361678
-0.870041361,-0.023819754,-9.250613555,18.13567612
-1.031704588,0.01435167,-9.994620991,18.52540449
-0.778967478,0.181189508,-4.959061253,17.16825993
-0.745686728,0.20299037,-1.564430395,21.60672598
-0.951853173,0.13212269,-1.053033929,15.84896051
-0.856461298,0.065674472,0.315055351,17.30575779
-0.926150075,0.256070869,5.910025712,15.27373275
-1.056753839,0.391403198,3.340765898,13.98161863
-0.813820414,0.321230598,7.434217869,9.988980039
-0.807239599,0.49782167,9.393967206,12.48733239
-0.853418918,0.608090146,11.16669885,9.832730296
-0.625346744,0.344145186,16.62827524,10.57497135
-0.766016167,0.785793179,14.14526197,3.461807747
-0.712390526,0.664339344,9.143353759,5.475359376
-0.714960818,0.645297338,14.36182944,-2.949763568
-0.604580139,0.614329237,11.43156348,-5.511231557
-0.733947488,0.889524388,9.899514666,-6.708485068
-0.534015269,0.882838188,12.14972578,-8.580749184
-0.332804523,0.945067892,13.76561352,-10.56074381
-0.664725018,0.794444883,6.235858974,-14.18525671
-0.334908986,1.026287009,9.952425091,-16.13932256
-0.716117627,0.969550674,1.666257347,-15.318187
-0.250178368,0.963802471,5.632664815,-17.23065836
-0.05465479,0.85616178,7.324123863,-18.71236956
-0.317790808,0.921779381,-0.629010521,-18.4252727
-0.038819975,0.985629436,1.650136395,-19.33304205
-0.092604104,0.898998364,-0.025420033,-16.37862225
0.055783853,1.084109361,-4.692174878,-21.41249702
0.083053471,0.957085591,-5.24375351,-21.92466544
0.280925848,1.107055354,-2.407365959,-18.90119809
0.36866775,1.0034491,-5.080586519,-16.50152189
0.282908531,1.104534316,-9.906265087,-16.24018029
0.415235895,0.928373761,-12.03701529,-13.29285906
0.362643529,0.769742805,-12.95656451,-12.50001224
0.552902992,0.960745611,-9.547072967,-8.86331679
0.489923587,0.900884836,-15.55492988,-5.112883663
0.674263301,0.942607225,-9.551560705,-5.717538585
0.613918657,0.608733632,-15.43464366,-3.139357644
0.697394354,0.864354582,-12.98016284,-3.776887726
0.741855372,0.550999816,-13.21255582,2.232986381
0.792515442,0.540032436,-14.22294193,2.778407338
0.726704523,0.389488716,-10.78919996,8.495098638
0.827312689,0.528209199,-8.200972675,6.722586478
0.943113571,0.37649476,-8.109769503,14.34645693
0.924246532,0.341594795,-5.130453069,9.993871008
0.797503643,0.26015514,-4.564537377,13.99182975
0.918175147,0.346295013,-3.350731632,13.75104355
1.140692755,0.250973868,1.659057232,19.81152768
1.003415379,0.24602273,4.228647045,19.368766
1.040511226,0.026871723,5.747106388,17.61762572
0.977027361,0.080896058,3.789516475,19.47700418
0.971736882,0.05386657,6.854579108,17.99230911
0.863887473,-0.068526013,9.405147583,15.97275402
1.129320271,-0.040329428,18.61147057,18.16909684
0.941483269,-0.213754328,20.03126402,20.32766213
0.793330092,-0.260205483,16.24459543,19.68592575
1.03586365,-0.317980319,22.26352006,16.42644829
1.043920361,-0.378895427,27.86847218,12.45555348
1.021934524,-0.460417589,25.03277204,12.88727824
0.82790784,-0.688177636,29.98076171,10.72960042
0.89822474,-0.517136938,26.55811188,4.134743574
0.696171717,-0.518535417,27.08537101,3.113213197
0.653675281,-0.791134824,25.54646732,3.348844795
0.730819106,-0.77348075,26.62847898,0.532040505
0.444363444,-0.768579877,25.32906958,-3.573349214
0.620938188,-0.904442689,21.6320407,-1.803050837
0.641270406,-0.703728339,23.97477515,-5.335727139
0.51020741,-0.916380039,22.31812072,-10.73050222
0.469718773,-0.839463002,24.1974801,-12.58366469
0.485377962,-0.869430146,18.80855184,-14.05653361
0.223286037,-0.839757003,16.27410088,-15.06575643
0.259686277,-1.246015527,12.27674649,-15.40040322
0.416998572,-0.866030769,16.46849281,-19.40438295
0.244873127,-0.835183863,7.032032812,-16.36562022
0.009141494,-0.940279447,1.785337012,-21.03032684
0.118961689,-0.98797976,2.577955577,-19.58399614
-0.04087711,-1.061546644,1.356415024,-18.58026733
0.077927411,-1.062835322,0.269373372,-16.86518803
-0.137196678,-0.969048288,-7.404597449,-20.12783146
-0.028418316,-1.096841384,-7.543088732,-18.861936
-0.363278869,-0.975871308,-15.81574812,-18.01163966
-0.49380822,-1.035615732,-17.8949737,-19.06022507
-0.249310203,-1.009058582,-15.76555386,-13.6081633
-0.190928111,-0.808667423,-16.6385915,-13.71703647
-0.358257946,-0.953492673,-19.0883806,-10.53240479
-0.628164435,-0.751269234,-21.78925569,-7.495444679
-0.425739015,-0.648134262,-23.43975252,-7.03673997
-0.782745925,-0.801251451,-25.30435129,-3.338929987
-0.834164458,-0.890145762,-29.2673361,0.532866943
-0.732128617,-0.735956688,-25.38264325,3.580569236
-0.819166922,-0.634562942,-30.51623099,5.103941188
-0.842351764,-0.55659314,-27.44230671,4.968184283
-0.824820426,-0.754429749,-27.57619648,9.257933632
-0.814219257,-0.582231409,-23.21355818,8.879069553
-0.956923507,-0.490021903,-23.61876906,16.54743299
-0.940670647,-0.430339972,-18.10370027,13.2642252
-0.970410807,-0.368560835,-23.67301968,15.44943642
-1.133741459,-0.34726996,-18.61712091,18.49697114
-1.044703117,-0.175051083,-19.25926073,18.7905119
-1.004748447,-0.095491264,-12.61968424,19.58365758
-1.07086792,0.009437902,-12.90214767,21.53429861
-0.947814271,0.04796612,-10.76168074,18.91396508
-1.072201448,0.27080007,-5.042563962,19.27253862
-0.837114052,0.151936312,1.315054332,21.1261767
-1.064478026,0.086121297,-1.667556625,20.84723056
-0.884214781,0.478834398,3.439647032,15.87363573
-0.80856302,0.345102195,3.510525399,16.95777741
-0.811946009,0.362842282,5.431613258,11.509544
-0.791481965,0.340674082,7.693970592,13.50781222
-0.938942728,0.550255065,10.36967472,9.142758637
-0.826493734,0.608557984,9.470017668,6.104650602
-0.795924743,0.575420873,12.18587617,8.503483635
-0.824891337,0.490888379,14.47032238,2.009278234
-0.632366685,0.578446083,17.25693764,3.473234893
-0.675655992,0.759367932,14.07180796,-0.05697564
-0.579417206,0.608615909,10.05492162,-4.48167626
-0.541665919,0.691109584,15.20211063,-6.766864822
-0.409950866,0.872993743,14.76743747,-10.6972645
-0.335545508,0.791622444,12.17627171,-10.91775831
-0.473193543,0.822945409,11.78257506,-13.65618318
-0.227875867,0.837529587,8.909090835,-14.83672582
-0.284361235,1.03912692,10.62441928,-16.95548278
-0.302421293,0.98094001,6.935506677,-20.16841286
-0.123990509,0.826511721,4.82155087,-17.49822909
-0.01974635,0.916060573,-0.456948791,-18.59657371
-0.045219726,0.983433154,-0.668765378,-20.39408696
-0.100838631,0.988541077,-1.141210925,-20.17405913
-0.026411529,1.040685481,-3.301991789,-17.53309662
0.209326782,0.941280422,-3.476864458,-21.90280605
0.285631029,0.965568196,-4.078355557,-19.91973201
0.232497193,1.029070106,-3.322445241,-18.93518551
0.133471591,0.861357805,-8.802942305,-15.1738604
0.499425088,0.9669519,-9.258858427,-12.34089037
0.340274783,0.768487726,-12.95579632,-10.35922959
0.677219271,0.919633701,-10.5571395,-12.26458116
0.685157661,0.999414791,-11.96547476,-8.511510819
0.621879808,1.043271477,-14.87540257,-3.932917925
0.651778276,0.755543658,-14.52896307,-2.289263388
0.670412889,0.713874693,-10.7154534,1.287672876
0.768719669,0.565168361,-15.23845623,4.251625578
0.698680535,0.766882882,-13.53687448,4.057949282
0.715429797,0.658387323,-10.85048692,4.355782665
0.8083752,0.58171376,-9.563308415,8.35373354
0.817400165,0.466314108,-7.788814129,12.75824709
0.843505268,0.331363542,-10.50765644,14.84839265
1.058696797,0.292233003,-2.327964635,14.24724001
1.047344256,0.190051774,-1.979062362,16.63992472
0.976906052,0.416142929,1.246699012,18.85878009
1.023499084,0.151036736,3.42931273,17.72969745
0.925084451,-0.042042668,2.181471478,18.33247817
0.944361073,0.270685477,8.802226045,22.2172979
1.074086281,-0.015043344,7.706985215,19.28586377
1.048236149,-0.339094687,13.47965498,21.86080184
0.969747298,0.017046023,16.45009375,18.02330137
0.940451028,-0.288669,16.14775606,19.51083996
0.869626261,-0.326550493,17.86874414,19.3035558
0.95404652,-0.350058516,24.2632,15.4862489
0.885909405,-0.181419546,25.74607186,15.73333258
1.079470104,-0.426357506,25.80664539,11.09631462
0.826784859,-0.325809301,26.51881689,9.450027577
0.833961319,-0.544200375,26.47895916,7.253882333
0.730438432,-0.731643718,25.05461066,7.589929436
0.75319518,-0.755387264,28.43802071,2.524723249
0.744104166,-0.68947452,26.29513597,2.553769551
0.554990586,-0.907399054,25.13255468,-3.06014809
0.505694821,-0.883397467,22.49781288,-2.428308498
0.469824158,-0.912131838,24.49905986,-6.567858982
0.640374483,-0.757843026,29.21397888,-9.062684581
0.496234745,-0.782443312,21.36512273,-10.15636279
0.573998167,-1.053602792,22.69809796,-13.87379951
0.384538472,-1.078832758,17.77748925,-15.97475206
0.3239783,-0.923580921,13.05981748,-16.38971677
0.286873476,-1.214358809,12.08918637,-19.40370653
-0.072675965,-0.926216407,3.773267041,-22.16328196
-0.050082405,-1.026555889,6.629425372,-18.15647178
-0.029902297,-0.998017222,1.807051816,-18.9464826
0.026122313,-1.028856549,0.154118749,-18.50016181
-0.074622757,-0.986659492,-6.706152942,-19.84188487
-0.207716498,-1.040119494,-8.391801294,-21.08475326
-0.050775848,-1.1450408,-5.926293818,-16.31549629
-0.329952775,-0.874096966,-12.83858365,-17.63673496
-0.260771032,-0.932446306,-15.55549136,-14.65088709
-0.499471267,-0.954079983,-19.0822022,-12.06643796
-0.512485046,-0.871596876,-22.15814146,-15.3404165
-0.333267663,-0.943757125,-19.71616481,-9.645845097
-0.436709438,-0.857824582,-21.40055462,-3.997532808
-0.581712104,-0.699628177,-23.79619628,-5.528370259
-0.546755713,-0.632967575,-27.77386939,0.736671757
-0.869240366,-0.743212082,-27.98887995,-0.322799138
-0.709372653,-0.630028178,-26.62894449,0.619196187
-0.905103357,-0.554876449,-27.92316382,1.366355345
-0.865730399,-0.447846659,-29.7776767,6.220407066
-0.848644559,-0.492007694,-25.31730669,8.894270344
-0.787486291,-0.618553597,-19.10416241,8.253121008
-1.01507389,-0.304489841,-26.14282476,13.95648326
-1.042899325,-0.462476208,-23.0181308,15.64479361
-0.913696773,-0.218253989,-18.24718867,13.67344668
-1.011193575,-0.353176986,-19.74814288,15.31218723
-1.041528902,0.087646522,-14.42639994,19.52330674
-1.127939505,0.092728204,-16.93198168,21.0577045
-1.145566331,-0.194578113,-17.94842735,18.54799156
-0.766347879,-0.048089092,-8.181295446,19.87582368
-0.890961769,0.085148645,-5.616565026,21.71843056
-0.868580015,0.329583076,-4.883484269,22.8914893
-0.905647768,0.322701178,0.546447825,17.31584708
-0.890917479,0.34363977,4.496469655,17.96561242
-0.818371593,0.216470992,2.856807628,13.73925347
-0.894101192,0.296095751,3.446785481,13.86557912
-0.968346743,0.373467586,6.002584778,11.84488538
-1.138392804,0.359396079,4.473871166,10.78776593
-0.815531743,0.330855445,11.62695262,5.380914255
-0.550659408,0.606810724,12.72965954,5.463021957
-0.66487745,0.606445053,14.99619898,4.220875469
-0.654113705,0.676157964,13.23904883,0.320498447
-0.602809932,0.929161798,11.05574915,-3.433752085
-0.702728212,0.924852707,10.51699009,-2.902602592
-0.585877325,0.707667014,13.42471999,-7.384271961
-0.525181909,0.817490993,10.45949577,-11.6554014
-0.554452178,1.04644645,13.6899573,-11.142913
-0.465683498,0.982666659,8.945324939,-10.7487764
-0.364957279,0.864007679,10.7205827,-15.08280872
-0.265480502,0.909238641,11.44715478,-15.90013311
-0.197737379,1.064065273,5.966343131,-20.30119516
-0.22863515,0.801133127,5.627343084,-19.33456125
-0.249704932,1.0898519,4.849866977,-20.83239215
-0.035958011,0.833446593,-2.010045566,-18.22184013
0.003821166,0.949962372,0.999353156,-20.81709824
-0.007447492,0.991273965,-3.054627724,-21.99992712
0.183987147,0.938416127,-4.953593747,-18.6919467
0.377593371,1.003566544,-3.147409394,-20.19497284
0.240673059,0.863833811,-6.669122789,-18.3071565
0.41207272,1.16679458,-10.7093753,-18.86152389
0.239851278,1.04601865,-14.26598818,-14.34089789
0.515646384,0.919668471,-11.5059658,-11.86270783
0.472565063,0.781724019,-13.9347121,-10.89068504
0.387614446,0.877115091,-14.50328,-2.764942574
0.594258229,0.7364594,-9.893225661,-5.347847682
0.575820006,0.53739055,-15.69944511,-5.279348392
0.693162042,0.664082753,-13.8753022,-0.615646508
0.568804929,0.61800667,-11.74595187,4.863093014
0.705043247,0.481371737,-13.28788963,2.323618571
0.620739814,0.628866733,-12.20267633,4.921895452
1.019345601,0.461291053,-8.880473304,5.928094378
0.845195052,0.261868679,-9.654011993,13.62112358
0.91477356,0.339795612,-5.035924961,10.35798005
0.91753254,0.395077252,-6.856710925,15.09412693
0.967150206,0.119338385,-0.575316319,18.30960226
0.945978051,0.217070332,1.477970558,16.17388441
1.115282569,0.157493174,7.471921997,21.95076566
1.09065877,0.18067035,3.715979755,18.72823654
0.970300357,0.096189893,6.831521664,21.5084146
1.05076455,-0.022315801,12.86830008,21.71707634
1.189880791,-0.060107809,14.44588084,18.36550376
1.044642125,-0.192140961,17.31665835,16.79721004
0.885060802,-0.284071559,15.86350377,15.10446037
0.913524142,-0.28992349,19.6882131,19.09726942
0.727965583,-0.191474645,17.06001111,19.67711132
1.099345497,-0.373904387,25.21925466,14.1508148
0.836069733,-0.451956829,24.7647928,13.94236799
0.898908618,-0.620486253,25.79591169,10.19646899
0.741726503,-0.660917578,27.33704946,7.426068655
0.823615384,-0.479914772,29.12751672,6.592007123
0.711887461,-0.763869915,28.71320318,3.892232367
0.730835801,-0.615995854,25.05468434,1.339447105
0.521754296,-0.828498152,28.63874791,-2.7353564
0.741164183,-0.741905881,29.08316733,-1.471493961
0.58061621,-0.820519301,29.1821546,-5.945922963
0.520997209,-0.838133108,23.41701822,-7.140841816
0.645469647,-0.996147405,26.28391718,-12.67830849
0.242106303,-0.866340337,20.35278265,-17.51235555
0.511200358,-0.912020241,18.85783243,-12.02763623
0.250911808,-0.948226616,15.27221225,-14.70924045
0.213969637,-0.904655658,11.24649065,-17.35329107
0.313674781,-0.985229937,6.953531359,-16.89791929
0.184192101,-1.007529774,7.624677371,-23.31638106
0.120550913,-0.959608239,4.971919037,-16.68758914
-0.121676645,-0.995029677,1.555653696,-17.40316869
-0.246349515,-1.065307622,-6.944182114,-19.12707039
0.067556967,-0.904420952,-6.462268647,-22.01684219
-0.373400987,-0.974139109,-10.25803335,-15.41024004
-0.118338637,-0.957584258,-12.27400144,-14.79434168
-0.397465153,-0.78915613,-14.6549041,-18.26495158
-0.501421653,-0.860737956,-19.79383943,-15.7081842
-0.524033206,-0.60406301,-22.71035924,-12.97239689
-0.387962913,-0.738001303,-19.827627,-13.53388881
-0.478412432,-0.828004277,-23.11221135,-6.188685693
-0.808279349,-0.998352288,-27.82249013,-5.866516503
-0.559950048,-0.743108998,-25.72478098,-3.604420379
-0.694383618,-0.796499507,-21.41350561,-1.704412332
-0.602569531,-0.832068279,-26.42493721,5.472283264
-0.693331069,-0.533737112,-24.97276365,6.321770685
-0.720109183,-0.572038917,-24.91618725,7.382458962
-0.881114217,-0.778591707,-25.93468438,9.718224534
-0.901273868,-0.340438384,-25.91293726,11.46718315
-0.921503594,-0.358093701,-25.69178751,13.24315265
-0.815853666,-0.518375898,-21.42851086,15.74051245
-0.980719322,-0.198624883,-16.88791551,17.46605372
-0.957511672,-0.229073704,-19.5165807,16.67447072
-0.978611443,0.025768739,-15.25370489,19.75047127
-1.072313833,-0.187517494,-12.97488775,17.00187524
-1.085500022,-0.269251693,-13.39111644,21.61350217
-1.092512037,0.054146775,-10.5739812,19.75200574
-0.987496158,-0.099172008,-4.665781987,20.86694373
-0.97290296,0.173383998,-5.826679986,20.23384177
-0.880598513,0.215686185,-1.789374139,22.54266362
-0.941380356,0.131987267,0.162319423,20.3389039
-0.885967942,0.28774831,1.090547433,18.13249527
-0.904697029,0.457326777,3.621887229,13.06174443
-0.918877195,0.452037432,5.05698318,10.80306191
-0.823301445,0.598874095,10.75338359,8.073476064
-0.81439467,0.628501221,7.428656861,7.212365548
-0.774641401,0.699255172,11.53307166,4.699300619
-0.73024202,0.632864791,12.55897714,0.782333036
-0.545470327,0.697723372,13.38990276,-0.833496178
-0.704468645,0.777474585,11.5060667,-2.169779775
-0.504424858,0.792106036,13.97361217,-8.64075859
-0.584105825,0.843472143,17.00588104,-7.082154201
-0.503824731,0.875206629,15.12570187,-5.784522291
-0.419703414,0.751154684,10.94406508,-11.39147454
-0.440996602,0.756019778,10.82692283,-12.87219923
-0.472561325,0.932547267,8.480784316,-16.15477403
-0.225397456,0.876777707,9.5450639,-19.73898143
-0.350653411,1.01407139,2.851620267,-17.37709346
-0.194236273,0.886277936,8.431093193,-19.19294513
-0.194903664,1.040454629,-0.192506712,-19.41472966
-0.031666857,0.895458103,-0.195989291,-20.11691838
0.064986752,0.885612726,-1.629097203,-15.5314862
0.024983187,1.069603404,-2.071264687,-21.58520826
0.244454796,1.126383226,-2.597526801,-20.86810937
0.19677638,1.11529336,-5.463209873,-18.88293266
0.214811042,0.814426892,-10.99155079,-14.37175013
0.509759083,1.073564036,-6.516522661,-14.61246839
0.460632347,0.901821936,-11.79023643,-14.91586791
0.307130845,0.886304821,-14.60331091,-15.4657699
0.657038851,1.118236916,-7.68809446,-7.787047956
0.485069049,0.63791451,-12.82360135,-6.491445977
0.537078512,0.891538685,-14.27546243,-5.252301601
0.650058175,0.841441669,-17.44570034,-6.160854494
0.732832815,0.710423618,-12.51400382,-0.417322497
0.814873782,0.557774535,-14.37314655,1.661227191
0.950048062,0.734316446,-10.21521712,6.625773446
0.865763189,0.540851077,-9.323050658,4.337970053
1.098680828,0.477444205,-5.904796196,6.544180942
0.804862275,0.453870227,-6.990011814,12.04827684
1.057409987,0.621826172,-4.991549194,14.09633994
0.860896153,0.306833641,-6.784091201,15.46812397
0.995227535,0.299758007,-2.633253737,18.54909344
0.902147998,0.137843217,-1.647549081,17.28764884
0.912361712,0.111168123,1.780290083,17.20591227
1.159141332,0.159874937,8.288037633,20.35686407
0.926713194,-0.016837506,7.134110362,19.44266056
0.76076363,-0.030739749,8.370074473,22.39569118
1.007267272,0.051573403,11.04901021,22.26648403
1.036550243,-0.281488707,17.81292774,20.13856152
0.938663711,-0.172368925,14.29729196,20.66222637
1.100571378,-0.323762881,21.20535799,14.61101124
0.917861243,-0.25343709,22.15248144,11.88068063
0.825389407,-0.420090361,22.63181664,15.28565812
0.926278867,-0.556545883,26.26787277,15.46423471
0.854344195,-0.3147669,23.22519563,9.337022123
0.715325613,-0.444821805,26.58937983,4.99124107
0.777692068,-0.548187204,28.76123352,5.999742254
0.670919317,-0.606096112,25.93112442,0.039327933
0.723643581,-0.798431832,25.65404083,5.585370608
0.558470321,-0.815469727,24.75942077,-4.398302833
0.587103763,-0.696149866,26.74373248,-5.041600311
0.54080839,-0.854882496,23.98563353,-5.264681338
0.714226023,-0.934383069,23.37892136,-11.23112202
0.3471276,-0.950713825,20.35635614,-12.43092895
0.370223644,-0.955903268,20.72993274,-12.76424672
0.460644953,-1.025752632,16.67784121,-14.47698113
0.420015745,-1.046329296,14.84340215,-19.21833136
0.24865763,-0.851403867,9.653663846,-19.03068864
0.071748803,-0.866175395,9.845711939,-21.25228687
0.13075281,-0.928608158,8.568728558,-21.19381362
0.0556961,-0.947475474,2.001381732,-20.27143244
0.101259658,-0.984148328,-1.65935796,-19.69842578
-0.169318745,-1.04463648,-5.785043187,-17.55844633
-0.161023162,-0.962197821,-6.759383074,-17.02940521
-0.150657872,-0.755197884,-12.92332749,-16.69986135
-0.331368786,-0.837725544,-13.32592683,-16.01740098
-0.346002332,-0.97357648,-15.0422544,-15.43778072
-0.407380565,-0.71506108,-14.22527005,-15.57674898
-0.430061337,-0.846896012,-24.67339986,-12.2052666
-0.620578971,-0.661297956,-22.01043587,-8.711003134
-0.698048004,-0.667195292,-22.83014902,-5.832986372
-0.50146504,-0.831361954,-23.01782483,-4.004415067
-0.742724863,-0.65295145,-25.01400207,-4.424378748
-0.679597089,-0.788139899,-28.23218703,-2.452554954
-0.73317666,-0.508224035,-28.07598868,-0.5812803
-0.862642165,-0.783754634,-29.88187382,3.309647018
-0.707666396,-0.614554464,-24.14968168,2.158202807
-0.816004034,-0.582622702,-25.86251032,9.356630204
-0.855654186,-0.539491948,-22.75019943,13.05118356
-0.950782231,-0.460686133,-23.90744322,11.884078
-0.957967092,-0.308699812,-22.23346062,13.85888046
-0.958917706,-0.221388683,-18.18881269,15.60436776
-0.918514548,-0.352074986,-19.6507048,16.15150517
-1.202056538,-0.115818594,-18.52521153,22.13743789
-1.041875408,-0.18099249,-13.14641084,18.59804003
-0.926258426,-0.079186515,-8.850031683,20.02840239
-1.030880864,-0.06414127,-7.304882255,17.63690977
-1.015146199,0.117621417,-7.467876335,18.78994045
-0.972242967,0.168069799,-2.29778644,21.75676126
-0.954260736,0.256660051,-4.733631174,19.38080303
-0.855110202,0.242066474,3.635328056,16.55915363
-0.980472887,0.246525645,0.99900232,12.29369068
-0.937190984,0.284042316,1.721789503,15.8679352
-0.946368942,0.421270037,8.512110023,12.17483312
-0.806655345,0.373793234,12.85408093,6.7351193
-1.048571608,0.645100809,9.888307509,7.21716133
-0.847480347,0.660823158,9.192555832,5.514881062
-0.784365221,0.722286942,12.64725071,2.027996412
-0.761354028,0.871392154,14.97746927,1.75261109
-0.701576523,0.836504776,12.64942119,-2.28917561
-0.532413325,0.726750413,13.00282789,-4.830468833
-0.481853359,0.814843057,11.1679762,-9.093868012
-0.706471722,0.850657884,12.1666895,-7.158849091
-0.460997751,0.910084465,13.21964442,-9.607254932
-0.402743688,0.806554346,8.612084118,-12.42949612
-0.163045235,0.950571407,13.99376028,-17.50555883
-0.373655373,1.099234615,6.730134856,-18.0685543
-0.35121213,1.043097205,7.214832768,-17.59029872
-0.129081443,0.900969031,9.168472303,-17.7486461
-0.106176925,0.903323845,2.931449391,-17.55223061
0.074735184,1.147124164,2.687107648,-20.73087441
0.144556595,0.990988645,0.825267562,-22.01221601
0.099632927,0.979236039,-3.087418864,-20.08949943
0.03923187,1.027001028,-6.781654366,-20.94266553
0.115288842,1.159549722,-6.849510108,-16.60392647
0.156317087,0.95367049,-5.515985184,-17.62218771
0.199576016,0.990163236,-12.28888806,-16.78695744
0.373524453,0.811549981,-7.403995924,-15.68899251
0.471907538,0.74832189,-10.7661926,-12.69751118
0.541289396,0.817078334,-13.53735603,-11.25464213
0.465442863,0.987929143,-10.6156546,-10.72076186
0.645402584,0.741578653,-11.59446171,-4.087349429
0.735390727,0.678905504,-10.13749645,-5.984382212
0.89327332,0.755852073,-11.99804808,0.979201582
0.758900107,0.657208023,-13.71021605,4.599167643
0.983139646,0.558830307,-9.765325782,5.459270042
0.687374562,0.446101926,-15.03199793,8.919090652
0.948834429,0.578413846,-9.653462388,10.97557283
0.902101388,0.41451613,-5.356773141,11.05697037
0.998728003,0.482688753,-6.178507542,12.46647063
1.006739537,0.204784545,1.483118967,17.77245614
0.92569555,0.495447845,-6.090897816,18.02128712
0.915920815,0.077844696,3.097409109,17.11667915
1.086085232,0.113754808,6.314569655,18.44096286
1.138627848,0.287992202,4.021696702,18.80317064
1.014900546,0.081016544,11.78699113,19.03954201
0.971620437,-0.089584566,10.62408741,17.33451905
1.048023879,-0.082862712,12.94332597,17.9154224
0.915152047,-0.063822415,17.51385145,20.14544791
1.07624901,-0.306644506,21.23046419,16.94414883
1.030384866,-0.46805311,19.78970747,16.43650215
0.807312501,-0.407601264,21.19660785,12.62403453
0.825886564,-0.384914397,24.03713749,14.9953382
0.90472453,-0.404143338,25.56929631,12.92948881
0.83401372,-0.585371764,22.6494803,10.80204774
1.000538553,-0.443705139,27.19266127,6.691590839
0.668685909,-0.632992343,24.65325091,6.980029616
0.769978154,-0.519904308,28.85921156,5.250168994
0.839110362,-0.679905274,29.77259321,-0.000738612
0.728484655,-0.829268608,28.94150125,-2.414836419
0.666353396,-0.842019571,28.09219856,-6.431904974
0.62970543,-0.792846869,26.03366998,-4.017598264
0.500393496,-0.894413331,22.69686517,-8.657852386
0.505984917,-0.972358291,23.88090414,-10.90643028
0.488068589,-0.974039317,24.55851731,-10.48941244
0.270971593,-0.915399495,11.78444691,-18.09675776
0.203442812,-1.030476433,13.20352554,-15.57473995
0.251021656,-0.975455582,12.11119871,-18.77598352
0.174906282,-0.968206508,8.970183208,-20.06146099
0.101513703,-1.089059411,2.53683415,-16.71163789
-0.038580359,-1.256837423,2.662326111,-19.0464551
-0.081237232,-1.102885544,-2.529953278,-20.1712321
0.002805064,-1.010518125,-3.220019961,-18.00077549
-0.094855014,-1.028698627,-4.468481903,-17.95989234
-0.368293548,-0.894801129,-12.22974484,-18.39119466
-0.227330678,-0.987195164,-13.79079807,-16.50612397
-0.401496156,-0.918875356,-15.78450164,-11.42856826
-0.527144055,-0.823206286,-20.71520217,-14.86314769
-0.418230591,-0.923676928,-16.87163024,-14.55460342
-0.286617921,-0.778373095,-23.2770173,-6.251724652
-0.532661031,-0.748190362,-20.2386625,-7.400505444
-0.627790646,-0.860710649,-27.39884619,-7.622118514
-0.574570053,-0.772927955,-24.21277305,-0.806638665
-0.657808022,-0.580716121,-29.59697277,-1.697732817
-0.6591822,-0.790547909,-28.20943119,3.857832032
-0.922042132,-0.556694926,-29.06922139,5.276320042
-0.864487703,-0.685393668,-23.77799854,7.659125038
-0.956146777,-0.322863911,-22.59472157,7.483428452
-0.902324864,-0.547797515,-23.78706979,13.39924566
-0.831982425,-0.332132404,-24.97441923,8.758822967
-0.834852542,-0.294442395,-23.96408656,14.16534049
-1.056508898,-0.300820357,-20.89031973,18.85523034
-0.948161236,-0.306190906,-17.44428622,13.77741935
-1.064510084,-0.218410176,-16.39860582,16.77666517
-1.181100055,-0.349885075,-13.07302882,20.81335306
-0.973980184,-0.124304727,-13.85809296,18.78265132
-1.055183744,-0.032590178,-7.993641936,18.13462031
-0.895774915,0.301035838,-2.844473758,19.12097944
-1.149922636,0.121175852,-6.195662582,17.88576963
-0.967804425,0.057998276,-3.269901252,18.81281061
-1.106959261,0.328592978,-0.031292817,18.15336885
-0.913098266,0.172876899,3.17292613,15.34675992
-0.818118232,0.424329865,3.524763655,11.3785639
-0.840721442,0.363129058,5.993228621,14.52518304
-0.932620097,0.536611434,8.232931246,7.353107321
-0.772863941,0.642828085,9.958165336,8.221702109
-0.786725058,0.493376019,11.29653291,6.413827208
-0.66554335,0.655778756,10.92946831,1.072751636
-0.729805641,0.594568869,16.00691331,4.971421156
-0.567476697,0.762303673,10.52328417,-1.82095085
-0.677332427,0.917899842,10.20552943,-4.598805844
-0.388946679,0.681972758,14.18652328,-6.766794436
-0.480360314,0.80797576,12.23876138,-4.004633687
-0.405239696,0.841340436,11.7091123,-10.4083544
-0.52226207,0.833069538,10.44584968,-10.67658221
-0.308947673,0.873333091,10.79469185,-15.91631743
-0.211428783,0.984535529,7.933680561,-13.80174302
-0.301666938,0.962910238,4.682144292,-15.9174954
0.017883516,1.026112479,9.965835193,-17.54156769
-0.194866555,0.989188433,1.465106321,-21.55950424
-0.169320988,0.976408507,-1.151892791,-19.67413126
0.19900873,0.854933237,0.701798646,-20.40660785
0.027494156,0.901343363,-2.876401049,-24.45284881
0.172069355,1.038759737,-2.775926478,-18.76434098
0.19569856,0.875555728,-4.893382727,-17.59263112
0.296240982,1.067152307,-5.22078651,-16.98386483
0.474059106,0.889097734,-10.01200044,-17.61515431
0.373087639,0.989997803,-11.45811133,-15.38123839
0.543304237,0.798883337,-9.55900702,-12.48639652
0.473215538,0.75828657,-10.51643997,-12.61329434
0.670118172,0.719082585,-10.5388861,-8.194397829
0.71685316,0.929667702,-11.33999915,-8.856856015
0.748299531,0.744485212,-11.58856681,-3.572557581
0.764649067,0.568865195,-12.11507942,-0.979183238
0.655228397,0.622483242,-8.864876536,4.142907597
0.936011184,0.715505352,-13.62192267,2.194455856
0.656545834,0.615539052,-11.16074783,10.88324372
0.877163747,0.617557831,-9.512650789,7.406779574
0.96029279,0.411392998,-7.68716422,9.815818036
0.995273405,0.549581988,-3.667814142,15.38693368
1.014248672,0.267136149,-0.854961834,16.89814308
1.113906083,0.268378005,-1.745251687,16.33333865
1.101486701,0.233739108,0.696403087,16.26728931
1.081322945,0.126842483,5.451611345,15.61343857
1.121516983,0.133925353,7.98196722,16.65323478
0.995512714,0.045686671,6.839860921,21.50100669
1.174489316,-0.053595823,12.68364939,21.54779402
0.9437276,-0.049904034,14.57449346,20.11994889
0.944529505,-0.259573998,11.12349691,20.30486839
0.876137722,-0.22183889,18.14362396,18.30721708
0.969831265,-0.019954071,21.45016787,19.6386417
1.072429245,-0.315423962,22.36496153,17.58774315
0.926715888,-0.235376352,22.85248629,12.62449358
0.836122265,-0.397600468,23.42106519,11.24844533
0.812256905,-0.316728033,22.15848839,8.072515743
0.887803664,-0.386103557,28.01053864,7.061012088
0.646202398,-0.687146371,26.2499579,3.920142524
0.959959437,-0.608751145,28.67911066,3.992319775
0.710995771,-0.639656193,27.02357654,-2.11969347
0.785050958,-0.862883385,28.57689589,-0.753454787
0.526798418,-0.711837957,27.33773267,-6.149555
0.506087166,-1.020058805,23.84564999,-7.43774761
0.407679864,-0.909453629,24.50746793,-6.298672491
0.616879223,-0.86872092,20.44668465,-13.45118127
0.635122466,-0.992779814,19.60455302,-19.05580169
0.45213399,-0.922712588,16.08456521,-12.08415992
0.398300108,-0.781347882,15.03224322,-17.63380389
0.421259529,-0.899084689,11.81464065,-14.43617435
-0.003830661,-1.175260743,5.540690111,-20.26768517
0.022076739,-0.949865858,6.123405541,-18.07056872
-0.001810685,-0.83837157,3.902000598,-17.88905527
-0.002788525,-0.930064986,3.273376376,-21.04955911
-0.125856078,-1.181221125,-7.749011445,-12.9492097
-0.083820601,-0.949098817,-8.936752879,-16.05841785
-0.209311037,-0.884707818,-12.0759168,-18.65215059
-0.325708151,-1.033865208,-15.43159105,-15.36593615
-0.38964821,-1.010864166,-20.03320087,-13.04058666
-0.459284158,-1.080097426,-20.59620918,-8.321835526
-0.433765305,-0.911189704,-20.25700997,-11.44538867
-0.466383365,-0.867471437,-23.03196337,-9.66965356
-0.697644532,-0.990444429,-22.84918848,-9.067327929
-0.572533658,-0.927125842,-22.60188734,-6.670896627
-0.582244186,-0.826390056,-26.05867813,-2.602366314
-0.740166885,-0.764200474,-25.80578169,5.848280137
-0.815689291,-0.716810141,-29.279534,5.099709257
-0.586077345,-0.687096255,-27.66917117,2.856437172
-0.62831909,-0.418388382,-26.37338331,7.89734662
-1.077459508,-0.37873379,-26.91883614,9.077458741
-0.807257754,-0.274073252,-23.59365952,12.94607596
-0.731860582,-0.661586501,-24.3438045,13.67602254
-0.890716887,-0.287355572,-22.94391744,15.75925342
-0.940156542,-0.407663779,-20.20294029,20.69594699
-0.848876322,-0.225531681,-18.17554889,18.61357143
-1.123292822,-0.259658354,-15.8124271,17.27123891
-1.069718082,0.032785831,-15.98719693,22.03410764
-1.097054577,0.005293872,-14.23780387,18.61832488
-0.968742322,0.265873824,-10.41885896,20.3762554
-0.912201903,0.048256497,-2.946258332,20.59885651
-1.009446935,0.105640972,-0.785571646,17.82629084
-1.042605625,0.199383159,3.623698403,14.53982382
-1.058983086,0.34852056,-0.098475307,15.7728726
-1.039150822,0.284770391,2.512925383,13.3648381
-0.840380803,0.542922887,7.739694137,15.8508584
-0.92767272,0.32239111,5.101901225,9.737813734
-0.912561336,0.489531708,5.364700305,7.151954168
-0.82908009,0.576120921,10.71283682,3.526193629
-0.877019631,0.652630586,10.48856775,5.601123915
-0.727278961,0.714468547,8.682992715,4.105349365
-0.780029767,0.826919373,13.11890855,-0.519323774
-0.740692443,0.90026996,13.04269595,-2.354957121
-0.6542529,0.736423072,12.2751543,-7.827112516
-0.517266929,0.802039744,12.61435103,-4.596292912
-0.574881928,0.749431406,10.87063256,-8.45860522
-0.539714024,0.889778363,8.459101995,-9.504634651
-0.361530481,1.031387221,9.59984235,-14.46103714
-0.362510244,0.844113786,11.85767639,-12.56348445
-0.266899958,1.130496482,5.726340305,-17.50866339
-0.248177973,1.030694203,4.44925943,-15.04976573
-0.332747636,0.974665509,3.810174235,-17.88009782
-0.2247347,0.964299039,-1.471065605,-21.7842896
-0.094197329,1.015728757,0.747884128,-21.33649868
-0.118811767,0.985318807,-5.261869575,-21.37585777
-0.056489634,1.025368994,-4.325134927,-19.92680403
0.415333983,1.301569862,-0.711019317,-15.35384499
0.280368006,1.00771283,-4.610300908,-13.4536357
0.196555029,1.056912682,-8.359646582,-19.91910052
0.163369976,0.928316245,-7.80864064,-19.22493606
0.418993189,0.862378145,-10.87994879,-16.29069446
0.345733647,0.808826067,-11.63158733,-9.956425933
0.508525787,0.668344069,-10.29504069,-10.04825248
0.563731837,0.690548447,-12.62433047,-6.837344744
0.834650546,0.696956331,-9.608179272,-7.01499075
0.627717957,0.761281708,-11.22248279,-2.577921829
0.845755239,0.8391103,-10.57787479,-0.462912977
0.695119989,0.79343337,-11.54607008,1.933867264
0.991910166,0.620794451,-10.95008057,2.964017941
0.866698571,0.553605151,-6.719277178,5.849981507
0.809828601,0.261841563,-8.851795383,8.149964072
0.722844006,0.5405362,-7.482765078,10.21048993
0.930074191,0.404940312,-8.258692086,14.92633403
1.033069297,0.227465303,-2.243136294,15.92169259
0.930267696,0.22066233,0.078714026,19.7226769
1.016158329,0.308830825,3.770377736,17.19906712
1.125868094,0.298455214,7.017546837,19.78317059
1.028477801,0.086789524,3.686120772,19.68956207
0.673558886,0.091132769,4.509545124,19.5936209
1.210438595,-0.124926873,13.52614943,19.21567711
0.836018865,0.091871033,12.84021868,17.34715563
1.098369774,-0.275834554,16.65754872,20.1967761
1.052800096,-0.361034778,17.67509464,19.6022044
0.869996298,-0.338725863,19.195891,17.00298618
0.813435244,-0.330597642,21.12661107,15.62741847
0.991004297,-0.575312969,24.33038934,16.03362186
1.077056722,-0.252837419,28.77762588,14.24433721
0.851692222,-0.504635391,26.06071747,8.055901868
0.753078284,-0.53386299,23.48488419,7.62329799
0.827769481,-0.642173392,26.07457352,3.214014951
0.762264536,-0.710358326,28.72403759,3.426285665
0.855264186,-0.820979853,26.51227638,-2.238324075
0.701383888,-0.858068441,25.00411027,-3.462707309
0.669032943,-0.66685073,23.87789649,-4.061694676
0.452938549,-0.863599785,24.68833407,-8.190135086
0.466848741,-0.69085505,21.81554823,-11.87584171
0.552370734,-0.706320766,22.19745731,-11.0186587
0.176011154,-1.040064265,16.63311293,-13.55470303
0.352141938,-0.790488166,17.99455352,-15.80197341
0.285416497,-1.08037522,14.57121327,-16.22173564
-0.004396992,-0.930980596,10.73283174,-16.56443369
0.08101888,-0.911669137,4.589026265,-18.26502897
0.046847643,-0.95016578,3.494098355,-17.93302906
0.074740225,-0.829411836,4.334240539,-22.30326162
-0.08916377,-0.838800252,-2.396066226,-24.01254092
-0.098817808,-1.071212796,-5.229391332,-19.13901452
-0.106066957,-0.896291916,-7.723093623,-15.63533088
-0.100535133,-1.221321713,-12.02635763,-14.98947171
-0.312470233,-0.899949981,-14.26765067,-19.08733922
-0.475015087,-0.925949582,-15.96876961,-13.79736999
-0.360656013,-1.053760277,-18.13575102,-16.71476329
-0.554922246,-0.826747028,-23.26385016,-14.2483643
-0.373815088,-0.841697127,-19.94068581,-11.76505488
-0.508553205,-0.727397462,-26.40141558,-6.194853765
-0.854899497,-0.81308148,-27.994093,-2.273560225
-0.500666895,-0.522475535,-25.73281174,-0.139165145
-0.673411942,-0.754980529,-25.02705575,1.560365369
-0.662710232,-0.636150014,-25.59056423,3.239937379
-0.811188795,-0.705001522,-26.89246289,5.747988647
-0.767051869,-0.573791786,-27.82558305,6.597965777
-0.694881111,-0.374662155,-24.98884928,8.047109257
-0.862265838,-0.410631499,-23.08560582,7.648358015
-1.016518345,-0.42913257,-23.90757671,12.93300036
-1.190159066,-0.155676658,-23.80433726,14.76297156
-0.995935486,-0.44923006,-21.46610436,17.09235712
-0.873707181,-0.154465821,-15.6257035,17.52797619
-0.774563198,-0.061160418,-13.96267067,17.37561737
-1.253894742,0.059330523,-14.92299505,19.15045163
-0.835370313,-0.001128072,-12.0931441,17.48626604
-1.104873467,-0.233080914,-10.56584911,20.36093893
-0.753710803,0.221309016,-5.708556674,20.56263384
-0.864542286,0.159126402,-2.92413631,20.27884493
-0.762449292,0.276690104,-1.161789224,18.36323633
-1.03499469,0.296563071,3.764539035,15.82230768
-0.831646262,0.336023297,4.616204687,10.91826309
-0.927824834,0.522370848,7.064548479,14.62430173
-0.822239767,0.494634807,4.234994546,13.62260277
-0.88866755,0.494011856,7.733821059,9.55388426
-0.83701452,0.592357291,10.21422298,6.192979564
-0.889853888,0.555335407,8.191830016,3.414307753
-0.930202371,0.762236323,9.861571252,2.532028516
-0.642921028,0.605251709,12.93688191,0.66880679
-0.568968392,0.993888569,13.15827683,-2.259785402
-0.547962152,0.859933157,11.66855638,-1.651488201
-0.446111314,1.03343139,14.01567097,-5.196924775
-0.380055172,0.742607587,15.5094556,-10.61690432
-0.444095859,0.920863526,14.68268247,-12.38456147
-0.470499477,0.793570098,9.174811403,-12.93960335
-0.397508561,0.870515072,9.778859988,-16.87926699
-0.387078721,0.889108131,5.872907871,-14.88794873
-0.331939052,0.933537965,3.609416278,-17.94920824
-0.143615547,1.123551075,5.433468094,-19.80989779
-0.01543787,0.919178879,5.03158238,-20.3060884
-0.209315813,1.116401337,-1.305334144,-21.21854084
0.13478032,1.083444612,-0.045219063,-24.7696218
0.032584347,0.967071293,-0.18640737,-19.24241478
0.165389241,1.164435973,-2.639683882,-21.08772
0.271799439,1.000080537,-6.11281834,-13.48810146
0.391154802,0.853363483,-7.467003502,-15.14847901
0.422553729,0.819282427,-10.91464932,-17.40324562
0.400478354,1.062851033,-8.884411518,-17.06574429
0.543675221,0.810176255,-13.21235472,-11.49188109
0.611775752,0.838773969,-11.65213523,-8.71048097
0.660596617,0.900133345,-14.48546823,-10.917623
0.617652976,0.64776844,-16.46820806,-8.294605176
0.758268661,0.798242838,-11.47533222,-1.246807817
0.724491629,0.780310846,-10.10572653,0.830568924
0.785514177,0.622911496,-13.55169805,2.945647908
0.651989016,0.491747304,-12.81803048,7.565028322
0.969149313,0.478029088,-12.30279024,6.546857292
0.827539075,0.4400769,-8.271969501,10.07382804
0.867467938,0.613793898,-8.139022371,16.3727809
0.801262243,0.473582307,-3.761133738,17.83154468
0.953704266,0.283881221,-4.339945726,16.48991933
0.797520291,0.244381144,-2.302712825,14.72578688
0.943199691,0.346268042,1.895452004,14.62905315
1.017112463,0.209358052,3.2784412,20.27928661
0.89318488,0.160163495,5.819829559,17.0309637
1.112210097,-0.147580501,10.38954442,22.22814548
0.92060955,0.001418606,13.05772426,21.58645078
1.184197093,-0.135630038,17.32501144,21.24434247
0.94941232,-0.156657489,14.92959946,22.09774229
1.135799345,0.080733718,18.13894584,16.36435639
0.945758058,-0.319584408,20.98975263,21.69540186
0.850902747,-0.56660969,20.40231928,17.35876533
0.821973637,-0.298269578,24.1498585,11.76567407
0.851136537,-0.485762715,25.41528502,14.98958759
0.820631393,-0.383878793,28.16774067,8.735736923
0.962595604,-0.503092602,25.17332459,7.727391179
0.722067083,-0.795793545,27.58114988,2.556567548
0.821913344,-0.600405508,27.81672996,2.492178499
0.683081436,-0.672442116,30.56668982,0.044222475
0.681703824,-0.754763468,29.55428171,-1.497547775
0.484445133,-0.78623282,24.36986301,-6.677360777
0.612991709,-0.709189073,25.11954544,-6.401005923
0.55495145,-1.050283262,24.37603088,-13.72060213
0.340561903,-0.774440089,18.49995691,-12.19051345
0.482253657,-0.953377117,13.03302368,-11.91988868
0.369074011,-1.117572002,15.11263646,-16.51919483
0.36282244,-1.040520004,12.17008789,-18.62067646
0.239909867,-1.145008985,9.719763518,-14.32820455
0.35109801,-1.104169338,11.79342269,-16.89024601
0.182686118,-1.168524455,3.458314652,-17.19234374
-0.052642717,-0.879945084,2.253719656,-21.85609599